Player,G,MIN,PTS,FGM,FGA,FG%,3PM,3PA,3P%,FT,FTA,FT%,OREB,DREB,REB,AST,STL,BLK,TOV,PF,EFF,AST/TOV,STL/TOV
Aaron Gordon,78,2633,1246,470,1046,44.9,121,347,34.9,185,253,73.1,129,445,574,289,57,56,162,172,1416,1.78,0.35
Aaron Holiday,50,646,294,105,262,40.1,43,127,33.9,41,50,82,5,62,67,87,21,13,40,71,276,2.18,0.53
Abdel Nader,61,694,241,91,215,42.3,32,100,32,27,36,75,14,102,116,20,20,12,26,68,250,0.77,0.77
Al Horford,68,1973,925,387,723,53.5,73,203,36,78,95,82.1,120,338,458,283,59,86,102,126,1356,2.78,0.58
Alan Williams,5,26,18,8,13,61.5,0,1,0,2,4,50,4,15,19,3,1,0,1,2,33,3,1
Alec Burks,64,1375,561,192,474,40.5,61,168,36.3,116,141,82.3,30,205,235,128,39,21,65,91,612,1.97,0.6
Alex Abrines,31,588,165,56,157,35.7,41,127,32.3,12,13,92.3,5,43,48,20,17,6,14,53,140,1.43,1.21
Alex Caruso,25,531,229,77,173,44.5,24,50,48,51,64,79.7,20,47,67,77,24,9,42,54,255,1.83,0.57
Alex Len,77,1544,854,320,648,49.4,74,204,36.3,140,216,64.8,158,266,424,86,27,69,97,200,959,0.89,0.28
Alex Poythress,21,305,107,40,81,49.4,9,23,39.1,18,29,62.1,29,47,76,17,4,10,13,47,149,1.31,0.31
Al-Farouq Aminu,81,2292,760,257,593,43.3,96,280,34.3,150,173,86.7,112,498,610,104,68,33,72,143,1144,1.44,0.94
Alfonzo McKinnie,72,1003,337,134,275,48.7,42,118,35.6,27,48,56.3,81,166,247,31,18,15,30,134,456,1.03,0.6
Alize Johnson,14,64,13,4,16,25,1,2,50,4,8,50,4,15,19,1,1,3,0,7,21,0,0
Allen Crabbe,43,1133,413,137,373,36.7,98,259,37.8,41,56,73.2,16,132,148,46,23,13,46,102,346,1,0.5
Allonzo Trier,64,1459,695,232,518,44.8,52,132,39.4,179,223,80.3,31,166,197,119,28,14,116,117,607,1.03,0.24
Amile Jefferson,12,68,27,10,16,62.5,0,0,0,7,8,87.5,6,15,21,3,3,3,1,8,49,3,3
Amir Johnson,51,529,201,79,157,50.3,12,40,30,31,41,75.6,47,100,147,60,16,13,45,99,304,1.33,0.36
Andre Drummond,79,2647,1370,561,1052,53.3,5,38,13.2,243,412,59,423,809,1232,112,136,138,175,272,2153,0.64,0.78
Andre Iguodala,68,1578,389,151,302,50,48,144,33.3,39,67,58.2,48,204,252,216,61,51,52,95,738,4.15,1.17
Andre Ingram,4,15,0,0,6,0,0,3,0,0,0,0,1,1,2,0,1,0,1,0,-4,0,1
Andrew Bogut,11,134,39,18,36,50,0,0,0,3,3,100,12,43,55,11,3,8,8,22,90,1.38,0.38
Andrew Harrison,17,186,54,16,53,30.2,5,25,20,17,18,94.4,6,14,20,24,4,2,12,34,54,2,0.33
Andrew Wiggins,73,2543,1321,498,1209,41.2,118,348,33.9,207,296,69.9,83,269,352,184,70,48,138,153,1037,1.33,0.51
Anfernee Simons,20,141,75,28,63,44.4,10,29,34.5,9,16,56.3,3,10,13,13,1,0,11,9,49,1.18,0.09
Angel Delgado,2,15,3,1,5,20,0,0,0,1,2,50,2,2,4,0,1,0,0,2,3,0,0
Ante Zizic,59,1082,459,183,331,55.3,0,0,0,93,132,70.5,108,212,320,53,13,22,61,113,619,0.87,0.21
Anthony Davis,56,1850,1452,530,1026,51.7,48,145,33.1,344,433,79.4,174,498,672,218,88,135,112,132,1868,1.95,0.79
Anthony Tolliver,65,1079,326,99,259,38.2,81,215,37.7,47,60,78.3,15,162,177,46,17,21,36,91,378,1.28,0.47
Antonio Blakeney,57,829,418,166,396,41.9,36,91,39.6,50,76,65.8,7,99,106,42,12,9,35,41,296,1.2,0.34
Aron Baynes,51,821,284,105,223,47.1,21,61,34.4,53,62,85.5,88,152,240,57,12,34,40,125,460,1.43,0.3
Austin Rivers,76,2028,618,232,572,40.6,104,327,31.8,50,95,52.6,25,137,162,167,47,23,68,207,564,2.46,0.69
Avery Bradley,63,1905,625,248,608,40.8,86,245,35.1,43,50,86,43,132,175,152,41,16,89,167,553,1.71,0.46
Bam Adebayo,82,1913,729,280,486,57.6,3,15,20,166,226,73.5,165,432,597,184,71,65,121,203,1259,1.52,0.59
Ben McLemore,19,158,75,25,64,39.1,17,41,41.5,8,12,66.7,3,14,17,4,6,3,5,22,57,0.8,1.2
Ben Simmons,79,2700,1337,540,960,56.3,0,6,0,257,428,60,172,525,697,610,112,61,274,209,1952,2.23,0.41
Billy Garrett,4,63,26,11,27,40.7,0,8,0,4,4,100,0,3,3,7,1,1,2,3,20,3.5,0.5
Bismack Biyombo,54,782,236,89,156,57.1,0,0,0,58,91,63.7,81,166,247,33,11,41,34,103,434,0.97,0.32
BJ Johnson,7,49,23,9,18,50,3,7,42.9,2,2,100,2,6,8,0,2,0,2,4,22,0,1
Blake Griffin,75,2622,1841,619,1341,46.2,189,522,36.2,414,550,75.3,100,465,565,402,52,28,253,199,1777,1.59,0.21
Boban Marjanovic,58,681,422,160,260,61.5,4,10,40,98,131,74.8,87,178,265,54,16,27,59,90,592,0.92,0.27
Bobby Portis,50,1298,710,279,628,44.4,75,191,39.3,77,97,79.4,109,294,403,72,35,20,74,145,797,0.97,0.47
Bogdan Bogdanovic,70,1947,990,361,863,41.8,134,372,36,134,162,82.7,40,203,243,267,72,15,117,142,940,2.28,0.62
Bojan Bogdanovic,81,2573,1454,522,1051,49.7,164,386,42.5,246,305,80.7,33,300,333,161,69,1,134,138,1296,1.2,0.52
Bonzie Colson,8,98,39,13,39,33.3,5,21,23.8,8,9,88.9,8,22,30,3,5,1,3,3,48,1,1.67
Brad Wanamaker,36,343,140,50,105,47.6,16,39,41,24,28,85.7,3,38,41,56,12,2,19,34,173,2.95,0.63
Bradley Beal,82,3028,2099,764,1609,47.5,209,596,35.1,362,448,80.8,89,322,411,448,121,58,224,226,1982,2,0.54
Brandon Goodwin,16,57,23,6,23,26.1,2,6,33.3,9,11,81.8,1,2,3,14,0,0,3,7,18,4.67,0
Brandon Ingram,52,1761,950,362,729,49.7,31,94,33,195,289,67.5,41,226,267,154,28,31,129,149,840,1.19,0.22
Brandon Knight,39,737,266,99,260,38.1,41,129,31.8,27,34,79.4,10,49,59,71,21,2,30,62,221,2.37,0.7
Brandon Sampson,14,214,71,28,60,46.7,11,29,37.9,4,6,66.7,3,13,16,10,8,3,12,19,62,0.83,0.67
Brook Lopez,81,2322,1009,355,786,45.2,187,512,36.5,112,133,84.2,33,363,396,98,51,179,82,189,1199,1.2,0.62
Bruce Brown,74,1449,319,125,314,39.8,24,93,25.8,45,60,75,48,137,185,91,40,36,46,178,421,1.98,0.87
Bruno Caboclo,34,800,282,96,225,42.7,48,130,36.9,42,50,84,42,116,158,50,14,33,38,81,362,1.32,0.37
Bryn Forbes,82,2293,967,361,791,45.6,176,413,42.6,69,78,88.5,18,221,239,175,45,4,80,159,911,2.19,0.56
Buddy Hield,82,2615,1695,623,1360,45.8,278,651,42.7,171,193,88.6,106,306,412,205,58,33,146,202,1498,1.4,0.4
C.J. Williams,15,128,39,17,35,48.6,5,16,31.3,0,1,0,1,7,8,12,6,0,5,16,41,2.4,1.2
Caleb Swanigan,21,178,43,18,53,34,1,7,14.3,6,9,66.7,17,47,64,11,6,1,18,28,69,0.61,0.33
Cameron Payne,40,712,250,96,223,43,25,84,29.8,33,41,80.5,13,59,72,106,28,9,45,64,285,2.36,0.62
Cameron Reynolds,19,259,95,33,78,42.3,21,51,41.2,8,9,88.9,4,27,31,13,6,2,5,26,96,2.6,1.2
Caris LeVert,40,1063,547,207,483,42.9,48,154,31.2,85,123,69.1,35,116,151,156,42,14,69,77,527,2.26,0.61
Carmelo Anthony,10,294,134,49,121,40.5,21,64,32.8,15,22,68.2,9,45,54,5,4,7,8,32,117,0.63,0.5
Cedi Osman,76,2444,991,360,844,42.7,130,374,34.8,141,181,77.9,45,312,357,195,60,11,114,195,976,1.71,0.53
Chandler Hutchison,44,895,229,96,209,45.9,14,50,28,23,38,60.5,31,154,185,34,23,6,25,59,324,1.36,0.92
Chandler Parsons,25,496,187,68,182,37.4,29,94,30.9,22,25,88,4,66,70,43,19,5,32,45,175,1.34,0.59
Channing Frye,36,341,129,43,117,36.8,32,79,40.5,11,14,78.6,4,48,52,20,6,5,13,44,122,1.54,0.46
Chasson Randle,49,743,271,91,217,41.9,46,115,40,43,62,69.4,10,46,56,97,25,3,43,91,264,2.26,0.58
Cheick Diallo,64,896,387,168,271,62,1,4,25,50,67,74.6,75,257,332,33,29,33,49,113,645,0.67,0.59
Chimezie Metu,29,145,51,19,58,32.8,0,2,0,13,17,76.5,9,27,36,13,6,2,15,14,50,0.87,0.4
Chris Boucher,28,163,93,34,76,44.7,12,37,32.4,13,15,86.7,16,40,56,2,6,24,7,31,130,0.29,0.86
Chris Chiozza,7,33,6,2,8,25,2,5,40,0,0,0,1,3,4,4,1,1,1,2,9,4,1
Chris Paul,58,1857,906,302,720,41.9,127,355,35.8,175,203,86.2,36,229,265,473,114,18,152,146,1178,3.11,0.75
Christian Wood,21,250,172,61,117,52.1,9,26,34.6,41,56,73.2,17,66,83,8,7,10,17,17,192,0.47,0.41
CJ McCollum,70,2375,1468,571,1243,45.9,167,445,37.5,159,192,82.8,62,220,282,207,55,28,106,172,1229,1.95,0.52
CJ Miles,53,857,339,112,311,36,67,203,33,48,58,82.8,13,82,95,36,26,15,30,79,272,1.2,0.87
Clint Capela,67,2249,1114,474,732,64.8,0,0,0,166,261,63.6,298,550,848,96,44,102,94,168,1757,1.02,0.47
Cody Zeller,49,1243,497,190,345,55.1,6,22,27.3,111,141,78.7,110,223,333,102,38,41,62,164,764,1.65,0.61
Collin Sexton,82,2605,1371,519,1206,43,119,296,40.2,214,255,83.9,57,179,236,243,44,6,185,186,987,1.31,0.24
Corey Brewer,31,492,151,53,123,43.1,14,44,31.8,31,43,72.1,26,50,76,39,32,7,19,63,204,2.05,1.68
Cory Joseph,82,2063,537,226,548,41.2,55,171,32.2,30,43,69.8,39,240,279,321,94,22,80,131,838,4.01,1.18
Courtney Lee,34,428,136,53,129,41.1,16,55,29.1,14,21,66.7,9,45,54,37,21,3,14,32,154,2.64,1.5
Cristiano Felicio,60,746,240,95,179,53.1,0,4,0,50,73,68.5,79,139,218,37,11,7,33,69,373,1.12,0.33
D.J. Augustin,81,2269,948,318,677,47,131,311,42.1,181,209,86.6,41,162,203,426,52,4,128,115,1118,3.33,0.41
D.J. Wilson,48,882,280,104,251,41.4,46,127,36.2,26,47,55.3,45,177,222,52,18,20,32,85,392,1.63,0.56
Dairis Bertans,12,167,34,12,47,25.5,10,34,29.4,0,0,0,2,7,9,10,1,0,2,7,17,5,0.5
Damian Jones,24,410,130,53,74,71.6,0,0,0,24,37,64.9,31,44,75,28,12,25,16,63,220,1.75,0.75
Damian Lillard,80,2838,2067,681,1533,44.4,237,643,36.9,468,513,91.2,68,303,371,551,88,34,212,148,2002,2.6,0.42
Damion Lee,32,375,158,56,127,44.1,27,68,39.7,19,22,86.4,8,56,64,13,13,0,11,28,163,1.18,1.18
Damyean Dotson,73,2004,779,290,698,41.5,126,342,36.8,73,98,74.5,34,228,262,135,58,10,71,135,740,1.9,0.82
D'Angelo Russell,81,2448,1712,659,1517,43.4,234,635,36.9,160,205,78,53,262,315,563,100,20,253,141,1554,2.23,0.4
Daniel Hamilton,19,204,57,23,60,38.3,8,23,34.8,3,6,50,10,37,47,22,6,1,16,19,77,1.38,0.38
Daniel Theis,66,908,374,146,266,54.9,26,67,38.8,56,76,73.7,87,138,225,68,21,42,33,161,557,2.06,0.64
Danilo Gallinari,68,2059,1346,409,884,46.3,161,372,43.3,367,406,90.4,54,363,417,178,49,23,99,129,1400,1.8,0.5
Danny Green,80,2215,821,293,630,46.5,198,435,45.5,37,44,84.1,60,257,317,126,73,53,75,171,971,1.68,0.97
Dante Cunningham,64,928,194,75,158,47.5,30,65,46.2,14,18,77.8,48,140,188,50,27,13,22,71,363,2.27,1.23
Dante Exum,42,664,288,101,241,41.9,18,62,29,68,86,79.1,16,52,68,110,14,5,52,69,275,2.12,0.27
Danuel House Jr.,39,979,366,118,252,46.8,74,178,41.6,56,71,78.9,25,115,140,40,21,11,35,80,394,1.14,0.6
Dario Saric,81,2022,858,304,696,43.7,118,323,36.5,132,150,88,126,331,457,127,45,9,97,182,989,1.31,0.46
Darius Miller,69,1757,567,189,484,39,133,364,36.5,56,71,78.9,14,114,128,146,40,23,59,165,535,2.48,0.68
Darren Collison,76,2143,853,308,659,46.7,79,194,40.7,158,190,83.2,36,196,232,459,110,9,125,138,1155,3.67,0.88
Daryl Macon,8,90,29,10,27,37,5,11,45.5,4,7,57.1,2,10,12,7,1,0,6,8,23,1.17,0.17
David Nwaba,51,984,334,126,262,48.1,24,75,32,58,85,68.2,41,122,163,54,36,17,29,106,412,1.86,1.24
Davis Bertans,76,1632,606,204,453,45,145,338,42.9,53,60,88.3,23,241,264,100,35,33,43,133,739,2.33,0.81
Davon Reed,10,47,12,5,12,41.7,2,4,50,0,0,0,2,4,6,3,1,0,1,3,14,3,1
De'Aaron Fox,81,2546,1399,505,1102,45.8,86,232,37.1,303,417,72.7,43,261,304,590,133,45,227,204,1533,2.6,0.59
Deandre Ayton,71,2183,1159,509,870,58.5,0,4,0,141,189,74.6,223,506,729,125,61,67,126,209,1606,0.99,0.48
DeAndre' Bembry,82,1931,687,275,616,44.6,50,173,28.9,87,136,64,54,304,358,202,105,41,142,190,861,1.42,0.74
DeAndre Jordan,69,2047,758,286,446,64.1,0,0,0,186,264,70.5,225,677,902,156,42,73,153,167,1540,1.02,0.28
De'Anthony Melton,50,984,250,100,256,39.1,29,95,30.5,21,28,75,25,109,134,159,68,23,75,113,396,2.12,0.91
Delon Wright,75,1698,653,242,558,43.4,50,168,29.8,119,150,79.3,68,198,266,248,88,30,77,103,861,3.22,1.14
DeMar DeRozan,77,2688,1635,631,1313,48.1,7,45,15.6,366,441,83,54,408,462,475,86,36,199,177,1738,2.39,0.43
DeMarcus Cousins,30,771,488,178,371,48,26,95,27.4,106,144,73.6,43,204,247,107,40,44,72,109,623,1.49,0.56
DeMarre Carroll,67,1703,744,227,575,39.5,106,310,34.2,184,242,76,68,281,349,85,31,10,73,114,740,1.16,0.43
Demetrius Jackson,6,39,22,8,15,53.3,2,6,33.3,4,4,100,2,1,3,5,2,0,1,4,24,5,2
Deng Adel,19,194,32,11,36,30.6,6,23,26.1,4,4,100,3,16,19,5,1,4,6,13,30,0.83,0.17
Dennis Schroder,79,2314,1224,457,1104,41.4,124,364,34.1,186,227,81.9,38,246,284,323,65,12,172,189,1048,1.88,0.38
Dennis Smith Jr.,53,1508,722,278,650,42.8,67,208,32.2,99,156,63.5,32,123,155,252,67,20,154,129,633,1.64,0.44
Deonte Burton,32,240,82,33,82,40.2,8,27,29.6,8,12,66.7,4,24,28,9,6,8,9,31,71,1,0.67
Derrick Favors,76,1766,897,363,619,58.6,17,78,21.8,154,228,67.5,207,353,560,89,56,106,84,163,1294,1.06,0.67
Derrick Jones Jr.,60,1154,422,160,324,49.4,28,91,30.8,74,122,60.7,96,144,240,37,46,42,43,123,532,0.86,1.07
Derrick Rose,51,1392,917,363,753,48.2,54,146,37,137,160,85.6,33,107,140,220,31,12,82,57,825,2.68,0.38
Derrick White,67,1728,663,260,543,47.9,48,142,33.8,95,123,77.2,35,212,247,263,67,47,97,145,879,2.71,0.69
DeVaughn Akoon-Purcell,7,22,7,3,10,30,0,4,0,1,2,50,1,3,4,6,2,0,2,4,9,3,1
Devin Booker,64,2242,1700,586,1255,46.7,135,414,32.6,393,454,86.6,39,226,265,433,56,13,264,200,1473,1.64,0.21
Devin Harris,68,1071,428,132,347,38,62,200,31,102,134,76.1,12,100,112,122,35,16,56,133,410,2.18,0.63
Devin Robinson,7,95,47,19,32,59.4,0,2,0,9,14,64.3,6,14,20,6,4,6,2,11,63,3,2
Devonte' Graham,46,676,217,74,216,34.3,34,121,28.1,35,46,76.1,10,53,63,121,23,2,30,48,243,4.03,0.77
Dewayne Dedmon,64,1609,693,259,526,49.2,83,217,38.2,92,113,81.4,105,375,480,90,69,71,84,214,1031,1.07,0.82
Deyonta Davis,9,118,36,15,22,68.2,0,1,0,6,10,60,10,26,36,5,3,5,3,12,71,1.67,1
Dillon Brooks,18,330,135,49,122,40.2,15,40,37.5,22,30,73.3,9,22,31,16,10,4,19,50,96,0.84,0.53
Dion Waiters,44,1138,527,198,478,41.4,109,289,37.7,22,44,50,7,109,116,121,29,9,64,72,436,1.89,0.45
Dirk Nowitzki,51,795,373,135,376,35.9,64,205,31.2,39,50,78,5,153,158,35,9,18,18,76,323,1.94,0.5
DJ Stephens,1,7,2,1,2,50,0,0,0,0,0,0,0,0,0,0,1,0,1,0,1,0,1
Domantas Sabonis,74,1838,1043,413,700,59,9,17,52.9,208,291,71.5,186,504,690,212,48,30,160,239,1493,1.33,0.3
Donatas Motiejunas,3,13,6,3,6,50,0,0,0,0,2,0,2,1,3,1,0,1,3,6,3,0.33,0
Donovan Mitchell,77,2598,1829,661,1530,43.2,188,519,36.2,319,396,80.6,59,257,316,322,106,31,218,208,1440,1.48,0.49
Donte DiVincenzo,27,411,131,50,124,40.3,22,83,26.5,9,12,75,16,49,65,31,13,6,19,38,150,1.63,0.68
Donte Grantham,3,2,0,0,2,0,0,2,0,0,0,0,0,0,0,0,0,0,0,0,-2,0,0
Dorian Finney-Smith,81,1985,608,228,528,43.2,79,254,31.1,73,103,70.9,138,251,389,95,69,36,74,186,793,1.28,0.93
Doug McDermott,77,1340,564,207,422,49.1,84,206,40.8,66,79,83.5,17,92,109,67,18,8,42,104,496,1.6,0.43
Dragan Bender,46,826,230,88,197,44.7,22,101,21.8,32,54,59.3,34,149,183,56,18,22,37,90,341,1.51,0.49
Draymond Green,66,2065,486,188,422,44.5,47,165,28.5,63,91,69.2,60,421,481,454,95,70,169,197,1155,2.69,0.56
Drew Eubanks,23,113,41,15,26,57.7,0,0,0,11,13,84.6,6,28,34,7,2,5,8,11,68,0.88,0.25
Duncan Robinson,15,161,50,18,46,39.1,10,35,28.6,4,6,66.7,2,17,19,5,5,0,4,11,45,1.25,1.25
Dusty Hannahs,2,26,8,3,12,25,0,5,0,2,2,100,0,1,1,5,1,0,1,1,5,5,1
Dwayne Bacon,43,759,316,122,257,47.5,38,87,43.7,34,46,73.9,8,81,89,47,12,5,18,72,304,2.61,0.67
Dwight Howard,9,230,115,43,69,62.3,0,0,0,29,48,60.4,24,59,83,4,7,4,16,34,152,0.25,0.44
Dwight Powell,77,1663,815,290,486,59.7,39,127,30.7,196,254,77.2,140,271,411,112,44,50,67,201,1111,1.67,0.66
Dwyane Wade,72,1885,1083,416,960,43.3,86,261,33,165,233,70.8,69,216,285,301,59,38,166,118,988,1.81,0.36
Dzanan Musa,9,39,19,9,22,40.9,1,10,10,0,2,0,1,4,5,2,2,0,4,1,9,0.5,0.5
Ed Davis,81,1446,472,186,302,61.6,0,2,0,100,162,61.7,216,478,694,61,35,33,64,226,1053,0.95,0.55
Edmond Sumner,23,210,66,22,64,34.4,7,27,25.9,15,24,62.5,9,15,24,10,12,5,10,26,56,1,1.2
Ekpe Udoh,51,320,119,50,72,69.4,0,0,0,19,30,63.3,27,63,90,28,10,31,13,36,232,2.15,0.77
Elfrid Payton,42,1250,446,179,412,43.4,33,105,31.4,55,74,74.3,49,171,220,320,44,17,112,81,683,2.86,0.39
Elie Okobo,53,958,304,114,290,39.3,39,132,29.5,37,47,78.7,12,86,98,127,32,7,69,109,313,1.84,0.46
Emanuel Terry,3,23,10,4,7,57.1,0,0,0,2,4,50,3,4,7,2,3,0,2,4,15,1,1.5
Emmanuel Mudiay,59,1607,873,330,740,44.6,69,210,32.9,144,186,77.4,33,163,196,228,43,19,140,103,767,1.63,0.31
Enes Kanter,67,1639,915,375,683,54.9,10,34,29.4,155,197,78.7,257,402,659,116,32,26,118,167,1280,0.98,0.27
Eric Bledsoe,78,2272,1241,470,971,48.4,124,377,32.9,177,236,75,82,280,362,430,116,29,165,156,1453,2.61,0.7
Eric Gordon,68,2158,1103,384,938,40.9,216,600,36,119,152,78.3,17,131,148,129,41,27,90,143,771,1.43,0.46
Eric Moreland,5,43,7,3,7,42.9,1,1,100,0,0,0,4,16,20,4,1,1,5,9,24,0.8,0.2
Ersan Ilyasova,67,1231,453,167,381,43.8,58,160,36.3,61,74,82.4,94,208,302,52,32,20,48,172,584,1.08,0.67
E'Twaun Moore,53,1463,633,256,532,48.1,76,176,43.2,45,59,76.3,35,92,127,102,40,8,59,112,561,1.73,0.68
Evan Fournier,81,2553,1226,468,1069,43.8,153,450,34,137,170,80.6,38,220,258,295,71,12,154,225,1074,1.92,0.46
Evan Turner,73,1606,494,204,443,46,11,52,21.2,75,106,70.8,37,291,328,283,33,18,114,110,772,2.48,0.29
Frank Jackson,61,1169,495,194,447,43.4,53,169,31.4,54,73,74,25,109,134,69,25,2,48,92,405,1.44,0.52
Frank Kaminsky,47,755,405,138,298,46.3,50,139,36,79,107,73.8,39,124,163,63,12,12,41,68,426,1.54,0.29
Frank Mason,38,435,195,71,169,42,14,64,21.9,39,57,68.4,6,37,43,84,16,4,36,34,190,2.33,0.44
Frank Ntilikina,43,904,246,95,282,33.7,33,115,28.7,23,30,76.7,12,75,87,121,30,14,56,104,248,2.16,0.54
Fred VanVleet,64,1760,701,246,600,41,112,296,37.8,97,115,84.3,21,146,167,307,57,20,82,110,798,3.74,0.7
Furkan Korkmaz,48,679,279,98,245,40,47,144,32.6,36,44,81.8,16,91,107,52,29,2,25,62,289,2.08,1.16
Garrett Temple,75,2041,586,208,493,42.2,90,264,34.1,80,107,74.8,28,188,216,106,76,30,70,204,632,1.51,1.09
Gary Clark,51,641,148,50,151,33.1,41,138,29.7,7,7,100,24,92,116,18,20,26,7,47,220,2.57,2.86
Gary Harris,57,1639,737,270,637,42.4,82,242,33.9,115,144,79.9,41,119,160,127,55,19,68,113,634,1.87,0.81
Gary Payton II,3,16,11,5,8,62.5,1,2,50,0,0,0,1,1,2,4,3,1,1,2,17,4,3
Gary Trent Jr.,15,111,40,16,50,32,5,21,23.8,3,7,42.9,1,10,11,5,1,2,4,4,17,1.25,0.25
George Hill,60,1302,458,170,376,45.2,48,153,31.4,70,85,82.4,39,109,148,135,52,8,51,102,529,2.65,1.02
George King,1,6,0,0,0,0,0,0,0,0,0,0,0,1,1,0,0,0,0,0,1,0,0
Georges Niang,59,516,235,86,181,47.5,43,105,41,20,24,83.3,11,76,87,35,10,6,23,57,251,1.52,0.44
Gerald Green,73,1473,675,231,578,40,156,441,35.4,57,68,83.8,30,152,182,40,33,27,55,126,544,0.73,0.6
Giannis Antetokounmpo,72,2358,1994,721,1247,57.8,52,203,25.6,500,686,72.9,159,739,898,424,92,110,268,232,2538,1.58,0.34
Glenn Robinson III,47,610,198,74,176,42,18,62,29,32,40,80,17,54,71,21,14,8,18,45,184,1.17,0.78
Goran Dragic,36,991,494,179,433,41.3,57,164,34.8,79,101,78.2,20,91,111,174,30,5,71,81,467,2.45,0.42
Gordon Hayward,72,1863,825,296,635,46.6,77,231,33.3,156,187,83.4,51,271,322,244,62,23,105,104,1001,2.32,0.59
Gorgui Dieng,76,1031,485,189,377,50.1,19,56,33.9,88,106,83,81,230,311,72,48,41,57,134,694,1.26,0.84
Grayson Allen,38,416,211,67,178,37.6,32,99,32.3,45,60,75,3,20,23,25,6,6,33,47,112,0.76,0.18
Greg Monroe,43,480,230,92,189,48.7,1,5,20,45,72,62.5,67,105,172,24,14,8,32,66,292,0.75,0.44
Guerschon Yabusele,41,251,94,35,77,45.5,9,28,32.1,15,22,68.2,23,30,53,15,8,7,15,32,113,1,0.53
Hamidou Diallo,51,526,190,75,165,45.5,4,24,16.7,36,59,61,38,59,97,17,21,10,23,77,199,0.74,0.91
Harrison Barnes,77,2533,1265,431,1027,42,174,441,39.5,229,278,82.4,57,304,361,115,50,13,98,122,1061,1.17,0.51
Harry Giles III,58,820,408,175,348,50.3,0,6,0,58,91,63.7,66,156,222,85,31,22,73,150,489,1.16,0.43
Hassan Whiteside,72,1674,887,388,680,57.1,2,16,12.5,109,243,44.9,257,560,817,56,46,136,97,192,1419,0.58,0.47
Haywood Highsmith,5,40,9,4,10,40,1,5,20,0,2,0,0,5,5,2,1,0,1,1,8,2,1
Henry Ellenson,19,259,114,39,95,41.1,17,38,44.7,19,25,76,5,61,66,16,7,2,9,27,134,1.78,0.78
Ian Clark,60,973,401,151,383,39.4,66,202,32.7,33,37,89.2,13,76,89,94,22,8,58,95,320,1.62,0.38
Ian Mahinmi,34,498,139,47,104,45.2,3,16,18.8,42,61,68.9,48,80,128,25,25,16,21,84,236,1.19,1.19
Ike Anigbogu,3,6,0,0,3,0,0,0,0,0,0,0,1,2,3,1,0,1,1,0,1,1,0
Iman Shumpert,62,1481,465,167,446,37.4,95,273,34.8,36,45,80,27,156,183,112,59,24,50,127,505,2.24,1.18
Isaac Bonga,22,120,19,5,33,15.2,0,8,0,9,15,60,9,16,25,15,9,4,6,9,32,2.5,1.5
Isaac Humphries,5,56,15,6,21,28.6,3,11,27.3,0,0,0,4,7,11,0,1,0,0,7,12,0,0
Isaiah Briscoe,39,559,136,55,138,39.9,11,34,32.4,15,26,57.7,5,69,74,87,11,2,31,66,185,2.81,0.36
Isaiah Canaan,30,628,181,64,164,39,34,96,35.4,19,24,79.2,6,52,58,84,14,2,35,52,199,2.4,0.4
Isaiah Hartenstein,28,221,53,20,41,48.8,2,6,33.3,11,14,78.6,21,26,47,15,7,12,13,56,97,1.15,0.54
Isaiah Hicks,3,32,12,4,8,50,0,0,0,4,5,80,2,5,7,2,1,3,1,5,19,2,1
Isaiah Thomas,12,181,97,34,99,34.3,12,43,27.9,17,27,63,5,8,13,23,5,1,18,17,46,1.28,0.28
Ish Smith,56,1251,501,205,489,41.9,44,135,32.6,47,62,75.8,23,122,145,203,28,11,61,109,528,3.33,0.46
Ivan Rabb,49,721,284,116,212,54.7,3,15,20,49,69,71,70,136,206,54,17,14,35,90,424,1.54,0.49
Ivica Zubac,59,1039,525,212,379,55.9,0,0,0,101,126,80.2,115,247,362,63,14,51,70,137,753,0.9,0.2
J.J. Barea,38,752,415,161,385,41.8,38,128,29.7,55,78,70.5,13,82,95,211,22,1,72,50,425,2.93,0.31
J.P. Macura,2,17,6,3,9,33.3,0,4,0,0,0,0,0,3,3,2,0,0,0,0,5,0,0
Jabari Parker,64,1724,930,369,749,49.3,61,195,31.3,131,184,71.2,79,342,421,152,46,30,151,145,995,1.01,0.31
Jacob Evans,30,204,40,18,53,34,4,15,26.7,0,1,0,6,19,25,23,5,3,11,28,49,2.09,0.46
Jae Crowder,80,2166,951,318,797,39.9,173,522,33.1,142,197,72.1,60,324,384,133,64,31,85,170,944,1.57,0.75
Jahlil Okafor,59,935,484,212,362,58.6,1,5,20,59,89,66.3,82,196,278,40,15,40,52,96,625,0.77,0.29
JaKarr Sampson,4,127,80,29,54,53.7,5,14,35.7,17,21,81,5,27,32,4,4,3,4,8,90,1,1
Jake Layman,71,1327,541,216,424,50.9,59,181,32.6,50,71,70.4,56,161,217,53,31,30,46,116,597,1.15,0.67
Jakob Poeltl,77,1273,423,187,290,64.5,0,0,0,49,92,53.3,178,232,410,93,29,68,48,124,829,1.94,0.6
Jalen Brunson,73,1591,678,264,565,46.7,63,181,34.8,87,120,72.5,25,144,169,230,37,4,88,127,696,2.61,0.42
Jalen Jones,16,214,81,26,62,41.9,10,28,35.7,19,27,70.4,11,23,34,7,9,2,8,27,81,0.88,1.13
Jamal Crawford,64,1211,508,174,438,39.7,67,202,33.2,93,110,84.5,8,77,85,229,33,12,99,75,487,2.31,0.33
Jamal Murray,75,2447,1367,513,1173,43.7,152,414,36.7,189,223,84.8,65,252,317,363,67,27,158,153,1289,2.3,0.42
James Ennis III,58,1230,389,138,294,46.9,55,156,35.3,58,81,71.6,60,122,182,41,41,23,34,150,463,1.21,1.21
James Harden,61,2241,2096,603,1386,43.5,271,769,35.2,619,719,86.1,64,324,388,450,106,53,273,206,1937,1.65,0.39
James Johnson,55,1164,428,164,379,43.3,50,149,33.6,50,70,71.4,22,154,176,135,35,27,74,114,492,1.82,0.47
James Nunnally,15,101,36,12,34,35.3,8,25,32,4,4,100,0,5,5,7,1,0,1,10,26,7,1
JaMychal Green,65,1371,611,230,476,48.3,71,176,40.3,80,101,79.2,104,305,409,50,45,34,87,193,795,0.58,0.52
Jared Dudley,59,1220,287,101,239,42.3,53,151,35.1,32,46,69.6,34,121,155,83,36,16,43,131,382,1.93,0.84
Jared Terrell,14,111,31,12,39,30.8,4,17,23.5,3,6,50,1,5,6,12,3,2,10,16,14,1.2,0.3
Jarell Martin,42,328,115,43,104,41.3,20,57,35.1,9,11,81.8,11,62,73,18,3,8,11,51,143,1.64,0.27
Jaren Jackson Jr.,58,1515,798,298,589,50.6,51,142,35.9,151,197,76.6,73,199,272,64,52,82,98,220,833,0.65,0.53
Jaron Blossomgame,27,439,114,47,106,44.3,10,39,25.6,10,13,76.9,26,72,98,13,7,8,11,20,167,1.18,0.64
Jarred Vanderbilt,17,69,24,9,19,47.4,0,1,0,6,10,60,7,16,23,3,6,1,8,8,35,0.38,0.75
Jarrett Allen,80,2096,873,335,568,59,6,45,13.3,197,278,70.9,191,481,672,110,43,120,103,184,1401,1.07,0.42
Jason Smith,20,191,65,21,59,35.6,9,26,34.6,14,16,87.5,16,36,52,14,3,7,13,30,88,1.08,0.23
JaVale McGee,75,1671,897,400,641,62.4,1,12,8.3,96,152,63.2,195,371,566,52,47,148,108,208,1305,0.48,0.44
Jawun Evans,8,64,6,3,14,21.4,0,3,0,0,0,0,1,11,12,10,3,0,6,8,14,1.67,0.5
Jaylen Adams,34,428,108,38,110,34.5,25,74,33.8,7,9,77.8,11,49,60,65,14,5,28,45,150,2.32,0.5
Jaylen Brown,74,1913,964,368,792,46.5,95,276,34.4,133,202,65.8,65,248,313,100,69,32,99,186,886,1.01,0.7
Jaylen Morris,4,29,10,4,10,40,1,3,33.3,1,2,50,0,5,5,4,2,0,1,1,13,4,2
Jayson Tatum,79,2455,1243,466,1036,45,116,311,37.3,195,228,85.5,70,407,477,168,84,57,122,168,1304,1.38,0.69
Jeff Green,77,2097,946,326,687,47.5,111,320,34.7,183,206,88.8,57,252,309,137,43,39,101,160,989,1.36,0.43
Jeff Teague,42,1264,510,176,416,42.3,35,105,33.3,123,153,80.4,16,90,106,343,43,18,97,90,653,3.54,0.44
Jemerrio Jones,6,143,27,12,33,36.4,2,10,20,1,2,50,16,33,49,13,7,5,5,10,74,2.6,1.4
Jerami Grant,80,2612,1090,409,823,49.7,115,293,39.2,157,221,71,96,321,417,79,61,100,67,214,1202,1.18,0.91
Jeremy Lamb,79,2250,1208,431,979,44,115,330,34.8,231,260,88.8,65,369,434,172,88,32,80,140,1277,2.15,1.1
Jeremy Lin,74,1436,707,238,541,44,55,187,29.4,176,210,83.8,22,157,179,231,47,13,124,144,716,1.86,0.38
Jerian Grant,60,939,250,92,220,41.8,40,110,36.4,26,40,65,19,79,98,156,44,6,51,78,361,3.06,0.86
Jerome Robinson,33,321,112,44,110,40,18,57,31.6,6,9,66.7,3,38,41,19,11,3,13,46,104,1.46,0.85
Jerryd Bayless,34,657,209,82,230,35.7,29,98,29.6,16,28,57.1,11,51,62,119,18,2,32,56,218,3.72,0.56
Jevon Carter,39,576,172,56,185,30.3,34,102,33.3,26,32,81.3,14,52,66,69,26,11,33,55,176,2.09,0.79
Jimmer Fredette,6,65,22,8,29,27.6,0,13,0,6,6,100,1,6,7,8,3,0,5,5,14,1.6,0.6
Jimmy Butler,65,2185,1215,418,904,46.2,67,193,34.7,312,365,85.5,121,221,342,263,123,39,95,111,1348,2.77,1.3
JJ Redick,76,2379,1372,452,1027,44,240,605,39.7,228,255,89.4,20,166,186,206,32,17,101,129,1110,2.04,0.32
Joakim Noah,42,693,298,110,213,51.6,0,1,0,78,109,71.6,58,180,238,89,20,31,50,96,492,1.78,0.4
Jodie Meeks,8,104,51,21,39,53.8,8,18,44.4,1,1,100,1,11,12,8,1,1,2,5,53,4,0.5
Joe Chealey,1,8,2,1,3,33.3,0,0,0,0,0,0,0,0,0,1,0,0,0,1,1,0,0
Joe Harris,76,2294,1041,374,748,50,183,386,47.4,110,133,82.7,52,239,291,181,38,17,121,182,1050,1.5,0.31
Joe Ingles,82,2568,994,359,802,44.8,189,483,39.1,87,123,70.7,35,295,330,469,98,20,193,180,1239,2.43,0.51
Joel Embiid,64,2154,1761,580,1199,48.4,79,263,30,522,649,80.4,160,711,871,234,46,122,226,211,2062,1.04,0.2
John Collins,61,1828,1188,465,831,56,55,158,34.8,203,266,76.3,219,376,595,121,22,39,120,199,1416,1.01,0.18
John Henson,14,188,79,31,67,46.3,11,31,35.5,6,10,60,16,55,71,14,7,11,12,16,130,1.17,0.58
John Holland,1,1,0,0,0,0,0,0,0,0,0,0,0,0,0,0,0,0,0,0,0,0,0
John Jenkins,26,333,121,42,105,40,22,58,37.9,15,18,83.3,6,31,37,22,0,2,9,10,107,2.44,0
John Wall,32,1104,663,245,552,44.4,51,169,30.2,122,175,69.7,15,101,116,279,49,29,121,71,655,2.31,0.41
Johnathan Motley,22,156,102,39,73,53.4,0,3,0,24,40,60,18,33,51,11,5,3,16,27,106,0.69,0.31
Johnathan Williams,24,372,157,65,110,59.1,0,2,0,27,48,56.3,48,51,99,13,8,7,16,62,202,0.81,0.5
Jon Leuer,41,402,156,66,113,58.4,1,11,9.1,23,31,74.2,27,70,97,14,12,4,23,60,205,0.61,0.52
Jonah Bolden,44,639,207,80,162,49.4,34,96,35.4,13,27,48.1,47,118,165,40,17,39,36,99,336,1.11,0.47
Jonas Jerebko,73,1218,459,163,355,45.9,69,188,36.7,64,80,80,72,216,288,96,27,18,43,137,637,2.23,0.63
Jonas Valanciunas,49,1091,763,301,538,55.9,14,48,29.2,147,185,79.5,106,313,419,70,19,53,90,146,959,0.78,0.21
Jonathan Isaac,75,1996,720,262,611,42.9,86,266,32.3,110,135,81.5,99,312,411,80,59,98,75,143,919,1.07,0.79
Jonathon Simmons,56,1064,366,133,350,38,28,104,26.9,72,97,74.2,27,99,126,128,29,15,68,89,354,1.88,0.43
Jordan Bell,68,788,223,99,192,51.6,0,2,0,25,41,61,55,129,184,76,20,51,42,80,403,1.81,0.48
Jordan Clarkson,81,2215,1364,529,1180,44.8,144,445,32.4,162,192,84.4,82,188,270,196,57,13,135,112,1084,1.45,0.42
Jordan Loyd,12,55,29,8,18,44.4,4,8,50,9,11,81.8,1,8,9,6,0,0,2,5,30,3,0
Jordan McRae,27,333,160,61,130,46.9,10,35,28.6,28,35,80,6,34,40,30,13,7,15,26,159,2,0.87
Jordan Sibert,1,4,3,1,1,100,1,1,100,0,0,0,0,0,0,0,0,0,0,0,3,0,0
Jose Calderon,49,632,113,45,120,37.5,14,57,24.6,9,11,81.8,11,49,60,115,16,3,35,64,195,3.29,0.46
Josh Hart,67,1715,525,189,464,40.7,92,274,33.6,55,80,68.8,35,213,248,93,64,40,58,147,612,1.6,1.1
Josh Jackson,79,1988,910,347,841,41.3,73,225,32.4,143,213,67.1,66,281,347,183,74,56,173,209,833,1.06,0.43
Josh Okogie,74,1757,570,196,508,38.6,60,215,27.9,118,162,72.8,41,177,218,91,88,33,63,166,581,1.44,1.4
Josh Richardson,73,2539,1209,423,1026,41.2,164,460,35.7,199,231,86.1,54,209,263,298,79,34,113,200,1135,2.64,0.7
JR Smith,11,222,74,27,79,34.2,12,39,30.8,8,10,80,0,18,18,21,11,3,11,19,62,1.91,1
Jrue Holiday,67,2402,1420,547,1159,47.2,118,363,32.5,208,271,76.8,75,259,334,518,109,54,210,148,1550,2.47,0.52
Juancho Hernangomez,70,1358,408,138,314,43.9,66,181,36.5,66,86,76.7,64,201,265,55,27,24,37,94,546,1.49,0.73
Julian Washburn,18,254,40,16,48,33.3,5,24,20.8,3,4,75,8,33,41,14,13,2,7,16,70,2,1.86
Julius Randle,73,2232,1565,571,1089,52.4,67,195,34.4,356,487,73.1,162,472,634,229,52,45,208,246,1668,1.1,0.25
Justin Anderson,48,464,178,64,157,40.8,24,77,31.2,26,35,74.3,24,60,84,23,22,13,23,48,195,1,0.96
Justin Holiday,82,2607,857,300,777,38.6,162,465,34.8,95,106,89.6,46,277,323,146,121,36,104,164,891,1.4,1.16
Justin Jackson,81,1613,583,217,485,44.7,87,245,35.5,62,79,78.5,44,168,212,96,32,14,29,99,623,3.31,1.1
Justin Patton,3,21,5,2,7,28.6,0,2,0,1,2,50,2,4,6,3,2,0,0,5,10,0,0
Justise Winslow,66,1960,830,324,749,43.3,96,256,37.5,86,137,62.8,63,292,355,282,72,19,142,177,940,1.99,0.51
Jusuf Nurkic,72,1974,1125,420,826,50.8,3,29,10.3,282,365,77.3,243,505,748,233,71,103,168,250,1623,1.39,0.42
Kadeem Allen,19,416,189,65,141,46.1,17,36,47.2,42,54,77.8,8,43,51,76,16,4,26,46,222,2.92,0.62
Kalin Lucas,1,6,2,0,1,0,0,1,0,2,2,100,0,3,3,1,0,0,0,1,5,0,0
Karl-Anthony Towns,77,2545,1880,681,1314,51.8,142,355,40,376,450,83.6,263,691,954,259,67,125,240,292,2338,1.08,0.28
Kawhi Leonard,60,2040,1596,560,1129,49.6,112,302,37.1,364,426,85.4,78,361,439,199,106,24,121,87,1612,1.65,0.88
Keita Bates-Diop,30,503,151,60,142,42.3,13,52,25,18,28,64.3,16,67,83,17,18,14,14,29,177,1.21,1.29
Kelly Olynyk,79,1812,787,261,564,46.3,113,319,35.4,152,185,82.2,72,303,375,140,53,37,114,183,942,1.23,0.47
Kelly Oubre Jr.,69,1935,1047,375,842,44.5,108,338,32,189,244,77.5,71,254,325,84,84,59,103,181,974,0.82,0.82
Kemba Walker,82,2863,2102,731,1684,43.4,260,731,35.6,380,450,84.4,52,309,361,484,102,34,211,131,1849,2.29,0.48
Kenneth Faried,37,728,384,156,265,58.9,8,25,32,64,99,64.6,97,153,250,20,17,23,33,82,517,0.61,0.52
Kenrich Williams,46,1079,279,107,279,38.4,52,156,33.3,13,19,68.4,55,164,219,83,45,19,36,95,431,2.31,1.25
Kent Bazemore,67,1643,779,278,691,40.2,96,300,32,127,175,72.6,37,224,261,152,89,42,121,170,741,1.26,0.74
Kentavious Caldwell-Pope,82,2035,938,325,756,43,151,435,34.7,137,158,86.7,48,190,238,110,73,13,65,137,855,1.69,1.12
Kevin Durant,78,2702,2027,721,1383,52.1,137,388,35.3,448,506,88.5,33,464,497,457,58,84,225,155,2178,2.03,0.26
Kevin Huerter,75,2049,727,275,657,41.9,136,353,38.5,41,56,73.2,60,185,245,214,65,25,109,155,770,1.96,0.6
Kevin Knox II,75,2158,963,338,914,37,125,364,34.3,162,226,71.7,61,274,335,82,43,24,114,175,693,0.72,0.38
Kevin Love,22,598,374,109,283,38.5,53,147,36.1,103,114,90.4,33,206,239,48,6,5,42,54,445,1.14,0.14
Kevon Looney,80,1481,500,217,347,62.5,1,10,10,65,105,61.9,194,223,417,123,46,53,51,211,918,2.41,0.9
Khem Birch,50,643,240,91,151,60.3,0,1,0,58,83,69.9,79,111,190,38,18,29,20,72,410,1.9,0.9
Khris Middleton,77,2393,1407,506,1148,44.1,179,474,37.8,216,258,83.7,50,411,461,331,80,7,174,172,1428,1.9,0.46
Khyri Thomas,26,195,61,22,69,31.9,10,35,28.6,7,11,63.6,4,16,20,8,7,5,4,22,46,2,1.75
Klay Thompson,78,2652,1680,655,1402,46.7,241,599,40.2,129,158,81.6,37,262,299,186,84,47,115,157,1405,1.62,0.73
Kobi Simmons,1,2,0,0,0,0,0,0,0,0,0,0,0,0,0,0,0,0,0,0,0,0,0
Kosta Koufos,42,502,156,73,153,47.7,0,0,0,10,24,41.7,52,125,177,36,15,18,27,68,281,1.33,0.56
Kostas Antetokounmpo,2,11,2,0,3,0,0,0,0,2,4,50,0,1,1,0,2,0,1,0,-1,0,2
Kris Dunn,46,1389,519,215,506,42.5,34,96,35.4,55,69,79.7,19,168,187,277,68,21,104,166,663,2.66,0.65
Kyle Anderson,43,1282,346,150,276,54.3,9,34,26.5,37,64,57.8,48,203,251,128,54,37,58,112,605,2.21,0.93
Kyle Korver,70,1334,600,201,483,41.6,138,348,39.7,60,73,82.2,9,153,162,81,25,12,59,106,526,1.37,0.42
Kyle Kuzma,70,2314,1308,496,1087,45.6,128,422,30.3,188,250,75.2,60,322,382,178,41,26,133,170,1149,1.34,0.31
Kyle Lowry,65,2213,926,304,739,41.1,157,453,34.7,161,194,83,41,271,312,564,91,31,182,166,1274,3.1,0.5
Kyle O'Quinn,45,371,156,69,136,50.7,1,12,8.3,17,21,81,29,90,119,56,9,25,31,68,263,1.81,0.29
Kyrie Irving,67,2214,1596,604,1241,48.7,174,434,40.1,214,245,87.3,71,264,335,464,103,34,172,167,1692,2.7,0.6
LaMarcus Aldridge,81,2687,1727,684,1319,51.9,10,42,23.8,349,412,84.7,251,493,744,194,43,107,144,179,1973,1.35,0.3
Lance Stephenson,68,1123,491,184,432,42.6,73,197,37.1,50,73,68.5,32,183,215,140,41,7,86,111,537,1.63,0.48
Lance Thomas,46,783,205,78,197,39.6,22,79,27.8,27,36,75,21,96,117,27,17,7,24,83,221,1.13,0.71
Landry Shamet,79,1802,722,240,557,43.1,167,396,42.2,75,93,80.6,21,113,134,117,37,10,45,155,640,2.6,0.82
Langston Galloway,80,1745,672,228,587,38.8,135,380,35.5,81,96,84.4,49,122,171,85,37,8,24,135,575,3.54,1.54
Larry Nance Jr.,67,1795,627,249,479,52,33,98,33.7,96,134,71.6,168,384,552,214,100,40,97,192,1168,2.21,1.03
Lauri Markkanen,52,1682,974,342,795,43,120,332,36.1,170,195,87.2,74,396,470,75,37,33,85,122,1026,0.88,0.44
LeBron James,55,1937,1505,558,1095,51,111,327,33.9,278,418,66.5,57,408,465,454,72,33,197,94,1655,2.31,0.37
Lonnie Walker IV,17,118,45,16,46,34.8,5,13,38.5,8,10,80,0,17,17,9,7,3,4,7,45,2.25,1.75
Lonzo Ball,47,1423,465,185,456,40.6,75,228,32.9,20,48,41.7,54,197,251,255,69,19,103,114,657,2.48,0.67
Lorenzo Brown,26,212,55,23,71,32.4,6,28,21.4,3,3,100,5,26,31,28,12,5,16,22,67,1.75,0.75
Lou Williams,75,1993,1498,484,1138,42.5,105,291,36.1,425,485,87.6,40,182,222,402,57,11,181,80,1295,2.22,0.32
Luc Mbah a Moute,4,61,20,8,18,44.4,2,6,33.3,2,5,40,2,5,7,2,1,1,2,8,16,1,0.5
Luka Doncic,72,2318,1526,506,1186,42.7,168,514,32.7,346,485,71.3,86,477,563,429,77,25,247,137,1554,1.74,0.31
Luke Kennard,63,1437,613,228,520,43.8,106,269,39.4,51,61,83.6,12,171,183,114,26,10,57,92,587,2,0.46
Luke Kornet,46,784,322,107,283,37.8,70,193,36.3,38,46,82.6,28,107,135,54,27,42,25,41,371,2.16,1.08
Luol Deng,22,392,157,59,118,50,14,44,31.8,25,35,71.4,20,53,73,18,15,8,14,24,188,1.29,1.07
Malachi Richardson,22,103,30,9,29,31,8,25,32,4,5,80,2,11,13,0,1,0,8,13,15,0,0.13
Malcolm Brogdon,64,1832,1001,378,748,50.5,104,244,42.6,141,152,92.8,65,223,288,205,46,13,91,102,1081,2.25,0.51
Malcolm Miller,10,67,35,11,26,42.3,10,21,47.6,3,4,75,1,4,5,1,1,1,1,5,26,1,1
Malik Beasley,81,1879,917,349,737,47.4,163,405,40.2,56,66,84.8,35,165,200,97,55,10,55,116,826,1.76,1
Malik Monk,73,1258,653,227,586,38.7,109,330,33,90,102,88.2,16,121,137,117,37,19,86,106,506,1.36,0.43
Marc Gasol,79,2436,1071,390,870,44.8,99,273,36.3,192,253,75.9,80,547,627,349,84,86,155,217,1521,2.25,0.54
Marcin Gortat,47,750,233,99,186,53.2,0,0,0,35,48,72.9,67,194,261,65,6,24,50,92,439,1.3,0.12
Marco Belinelli,79,1815,829,285,690,41.3,147,395,37.2,112,124,90.3,16,182,198,132,35,8,72,121,713,1.83,0.49
Marcus Derrickson,11,67,46,16,33,48.5,10,20,50,4,5,80,8,5,13,1,0,1,3,9,40,0.33,0
Marcus Morris Sr.,75,2091,1046,377,844,44.7,146,389,37.5,146,173,84.4,76,382,458,109,43,25,92,181,1095,1.19,0.47
Marcus Smart,80,2200,708,239,567,42.2,126,346,36.4,104,129,80.6,57,177,234,321,143,28,123,201,958,2.61,1.16
Mario Hezonja,58,1206,511,191,464,41.2,42,152,27.6,87,114,76.3,28,211,239,88,57,8,88,110,515,1,0.65
Markelle Fultz,19,427,155,65,155,41.9,4,14,28.6,21,37,56.8,26,44,70,59,17,5,25,52,175,2.36,0.68
Markieff Morris,58,1271,547,204,484,42.1,68,203,33.5,71,92,77.2,61,204,265,79,36,22,54,175,594,1.46,0.67
Marquese Chriss,43,499,182,67,180,37.2,16,72,22.2,32,45,71.1,40,102,142,22,17,11,36,81,212,0.61,0.47
MarShon Brooks,29,387,190,76,169,45,15,54,27.8,23,33,69.7,12,33,45,25,9,4,21,33,149,1.19,0.43
Marvin Bagley III,62,1568,923,356,706,50.4,30,96,31.3,181,262,69.1,162,309,471,62,33,59,98,120,1019,0.63,0.34
Marvin Williams,75,2133,756,275,652,42.2,140,382,36.6,66,86,76.7,76,331,407,92,71,61,47,156,943,1.96,1.51
Mason Plumlee,82,1731,637,262,442,59.3,2,10,20,111,198,56.1,165,359,524,243,66,76,126,252,1153,1.93,0.52
Matthew Dellavedova,48,812,282,98,242,40.5,44,130,33.8,42,52,80.8,6,71,77,181,14,2,68,75,334,2.66,0.21
Maurice Harkless,60,1415,460,189,388,48.7,33,120,27.5,49,73,67.1,77,192,269,74,67,53,45,163,655,1.64,1.49
Maxi Kleber,71,1502,485,175,386,45.3,77,218,35.3,58,74,78.4,90,239,329,70,36,78,54,143,717,1.3,0.67
Melvin Frazier Jr.,10,44,15,7,21,33.3,0,6,0,1,4,25,3,2,5,1,1,0,1,6,4,1,1
Meyers Leonard,61,878,357,132,242,54.5,50,111,45,43,51,84.3,49,184,233,75,13,9,43,105,526,1.74,0.3
Michael Beasley,26,277,181,75,153,49,3,17,17.6,28,39,71.8,13,47,60,25,9,10,27,42,169,0.93,0.33
Michael Carter-Williams,28,372,134,46,123,37.4,10,38,26.3,32,53,60.4,19,51,70,70,20,15,20,48,191,3.5,1
Michael Kidd-Gilchrist,64,1179,427,158,332,47.6,16,47,34,95,123,77.2,88,158,246,61,32,39,43,156,560,1.42,0.74
Mikal Bridges,82,2417,684,242,563,43,105,313,33.5,95,118,80.5,56,208,264,173,129,38,70,201,874,2.47,1.84
Mike Conley,70,2342,1478,490,1120,43.8,155,426,36.4,343,406,84.5,40,199,239,449,94,22,130,123,1459,3.45,0.72
Mike Muscala,64,1306,449,145,361,40.2,89,256,34.8,70,85,82.4,57,187,244,76,22,38,48,130,550,1.58,0.46
Mike Scott,79,1396,459,168,420,40,101,252,40.1,22,33,66.7,43,233,276,66,26,13,44,156,533,1.5,0.59
Miles Bridges,80,1696,597,237,511,46.4,65,200,32.5,58,77,75.3,67,256,323,95,55,49,50,111,776,1.9,1.1
Miles Plumlee,18,173,80,32,48,66.7,0,0,0,16,30,53.3,16,23,39,17,6,4,10,14,106,1.7,0.6
Milos Teodosic,15,150,48,17,40,42.5,10,27,37,4,7,57.1,3,13,16,32,3,1,21,27,53,1.52,0.14
Mitchell Creek,5,47,21,8,16,50,0,2,0,5,7,71.4,6,6,12,6,2,0,1,3,30,6,2
Mitchell Robinson,66,1360,485,202,291,69.4,0,0,0,81,135,60,177,246,423,37,52,161,35,217,980,1.06,1.49
Mo Bamba,47,766,292,117,243,48.1,21,70,30,37,63,58.7,64,169,233,39,13,64,43,102,446,0.91,0.3
Monte Morris,82,1970,851,346,702,49.3,94,227,41.4,65,81,80.2,35,159,194,297,73,4,52,102,995,5.71,1.4
Montrezl Harrell,82,2158,1361,546,888,61.5,3,17,17.6,266,414,64.3,184,351,535,162,71,110,132,255,1617,1.23,0.54
Moritz Wagner,43,446,207,71,171,41.5,22,77,28.6,43,53,81.1,17,68,85,24,11,13,39,57,191,0.62,0.28
Myles Turner,74,2119,984,380,780,48.7,76,196,38.8,148,201,73.6,101,430,531,115,60,199,100,195,1336,1.15,0.6
Naz Mitrou-Long,14,84,16,6,20,30,2,11,18.2,2,2,100,1,5,6,15,1,1,8,10,17,1.88,0.13
Nemanja Bjelica,77,1788,741,284,593,47.9,103,257,40.1,70,92,76.1,125,319,444,147,54,56,82,197,1029,1.79,0.66
Nene,42,546,151,60,116,51.7,0,3,0,31,47,66,34,89,123,26,18,15,11,87,250,2.36,1.64
Nerlens Noel,77,1056,378,162,276,58.7,0,0,0,54,79,68.4,127,198,325,45,66,96,48,166,723,0.94,1.38
Nick Young,4,37,9,3,9,33.3,3,8,37.5,0,0,0,0,1,1,2,0,1,2,4,5,1,0
Nicolas Batum,75,2354,699,253,562,45,116,298,38.9,77,89,86.5,71,319,390,247,71,43,117,140,1012,2.11,0.61
Nik Stauskas,68,1015,399,136,338,40.2,70,188,37.2,57,64,89.1,18,109,127,81,21,7,51,50,375,1.59,0.41
Nikola Jokic,80,2504,1604,616,1206,51.1,83,270,30.7,289,352,82.1,228,637,865,580,108,55,248,228,2311,2.34,0.44
Nikola Mirotic,46,1245,697,238,542,43.9,116,318,36.5,105,124,84.7,60,279,339,55,31,34,48,107,785,1.15,0.65
Nikola Vucevic,80,2510,1665,701,1354,51.8,84,231,36.4,179,227,78.9,224,736,960,307,81,89,159,157,2242,1.93,0.51
Noah Vonleh,68,1722,571,207,440,47,46,137,33.6,111,156,71.2,113,415,528,129,46,51,88,174,959,1.47,0.52
Norman Powell,60,1126,516,193,400,48.3,68,170,40,62,75,82.7,16,123,139,91,39,13,65,96,513,1.4,0.6
OG Anunoby,67,1352,469,183,404,45.3,67,202,33.2,36,62,58.1,58,139,197,47,46,22,55,140,479,0.86,0.84
Okaro White,3,6,0,0,2,0,0,2,0,0,0,0,1,1,2,0,0,0,0,0,0,0,0
Omari Spellman,46,805,272,98,244,40.2,44,128,34.4,32,45,71.1,72,122,194,47,26,25,31,67,374,1.52,0.84
Omri Casspi,36,520,226,86,161,53.4,15,43,34.9,39,58,67.2,17,98,115,26,20,9,23,35,279,1.13,0.87
Otto Porter Jr.,56,1684,780,299,643,46.5,104,256,40.6,78,96,81.3,54,260,314,120,82,31,65,108,900,1.85,1.26
P.J. Tucker,82,2802,601,207,523,39.6,146,387,37.7,41,59,69.5,121,358,479,96,132,39,63,252,950,1.52,2.1
Pascal Siakam,80,2548,1354,519,945,54.9,79,214,36.9,237,302,78.5,124,425,549,248,73,52,154,241,1631,1.61,0.47
Pat Connaughton,61,1261,421,163,350,46.6,66,200,33,29,40,72.5,61,197,258,122,33,25,33,81,628,3.7,1
Patrick Beverley,78,2137,596,194,477,40.7,112,282,39.7,96,123,78,76,312,388,300,67,43,85,265,999,3.53,0.79
Patrick McCaw,29,397,74,26,63,41.3,9,28,32.1,13,15,86.7,7,41,48,29,23,2,17,38,120,1.71,1.35
Patrick Patterson,63,861,229,82,219,37.4,46,137,33.6,19,30,63.3,42,105,147,31,16,13,22,46,266,1.41,0.73
Patty Mills,82,1908,811,282,663,42.5,159,404,39.4,88,103,85.4,24,158,182,245,49,10,93,129,808,2.63,0.53
Pau Gasol,30,361,118,42,94,44.7,6,13,46.2,28,40,70,22,115,137,52,5,15,16,29,247,3.25,0.31
Paul George,77,2841,2159,707,1614,43.8,292,757,38.6,453,540,83.9,105,523,628,318,170,34,205,214,2110,1.55,0.83
Paul Millsap,70,1895,883,322,665,48.4,58,159,36.5,181,249,72.7,153,352,505,141,83,54,95,183,1160,1.48,0.87
PJ Dozier,6,51,19,8,21,38.1,2,8,25,1,2,50,6,11,17,5,2,0,0,2,29,0,0
Quincy Acy,10,123,17,4,18,22.2,2,15,13.3,7,10,70,3,22,25,8,1,4,4,24,34,2,0.25
Quincy Pondexter,53,292,98,29,58,50,6,18,33.3,34,42,81,8,38,46,24,11,1,13,24,130,1.85,0.85
Quinn Cook,74,1059,509,204,439,46.5,81,200,40.5,20,26,76.9,22,135,157,116,20,3,50,92,514,2.32,0.4
Rajon Rondo,46,1369,424,175,432,40.5,51,142,35.9,23,36,63.9,34,209,243,367,57,7,127,100,701,2.89,0.45
Raul Neto,37,474,196,74,161,46,20,60,33.3,28,33,84.8,6,56,62,93,14,4,35,49,242,2.66,0.4
Rawle Alkins,10,120,37,13,39,33.3,3,12,25,8,12,66.7,11,15,26,13,1,0,8,7,39,1.63,0.13
Ray Spalding,14,148,54,25,47,53.2,0,3,0,4,12,33.3,15,33,48,5,9,8,9,23,85,0.56,1
Raymond Felton,33,379,142,55,135,40.7,20,61,32.8,12,13,92.3,4,30,34,52,10,6,14,29,149,3.71,0.71
Reggie Bullock,63,1879,711,245,594,41.2,148,393,37.7,73,85,85.9,22,151,173,129,40,12,65,109,639,1.99,0.62
Reggie Jackson,82,2289,1260,441,1047,42.1,174,471,36.9,204,236,86.4,45,171,216,344,55,9,148,208,1098,2.32,0.37
Richaun Holmes,70,1184,572,222,365,60.8,0,0,0,128,175,73.1,115,216,331,60,42,79,52,194,842,1.15,0.81
Ricky Rubio,68,1899,864,295,730,40.4,79,254,31.1,195,228,85.5,33,210,243,416,91,10,180,180,976,2.31,0.51
RJ Hunter,1,26,17,6,13,46.2,4,10,40,1,2,50,1,2,3,3,1,0,0,3,16,0,0
Robert Covington,35,1203,465,156,362,43.1,85,225,37.8,68,89,76.4,28,165,193,46,74,47,47,126,551,0.98,1.57
Robert Williams III,32,283,81,36,51,70.6,0,0,0,9,15,60,27,54,81,7,9,40,10,36,187,0.7,0.9
Robin Lopez,74,1606,704,304,535,56.8,7,31,22.6,89,123,72.4,140,146,286,89,11,78,96,124,807,0.93,0.12
Rodions Kurucs,63,1294,534,202,449,45,58,184,31.5,72,92,78.3,56,190,246,52,41,25,77,146,554,0.68,0.53
Rodney Hood,72,1893,805,292,671,43.5,84,236,35.6,137,155,88.4,25,132,157,126,59,12,55,146,707,2.29,1.07
Rodney McGruder,66,1550,503,186,461,40.3,79,225,35.1,52,72,72.2,60,178,238,112,36,12,64,115,542,1.75,0.56
Ron Baker,15,152,14,4,20,20,1,13,7.7,5,6,83.3,1,10,11,15,6,1,5,18,25,3,1.2
Rondae Hollis-Jefferson,59,1234,527,200,487,41.1,9,49,18.4,118,183,64.5,83,227,310,96,44,27,68,107,584,1.41,0.65
Royce O'Neale,82,1671,426,163,343,47.5,68,176,38.6,32,42,76.2,22,263,285,124,54,24,70,172,653,1.77,0.77
Rudy Gay,69,1842,946,376,746,50.4,74,184,40.2,120,147,81.6,63,407,470,182,54,34,114,159,1175,1.6,0.47
Rudy Gobert,81,2577,1284,476,712,66.9,0,0,0,332,522,63.6,309,732,1041,161,66,187,130,231,2183,1.24,0.51
Russell Westbrook,73,2629,1675,630,1473,42.8,119,411,29,296,451,65.6,109,698,807,784,142,33,325,245,2118,2.41,0.44
Ryan Anderson,25,321,63,21,69,30.4,9,40,22.5,12,16,75,18,36,54,19,4,1,14,25,75,1.36,0.29
Ryan Arcidiacono,81,1961,544,187,418,44.7,81,217,37.3,89,102,87.3,27,192,219,269,65,4,63,171,794,4.27,1.03
Ryan Broekhoff,42,454,167,57,126,45.2,38,93,40.9,15,19,78.9,8,55,63,22,6,4,16,35,173,1.38,0.38
Salah Mejri,36,399,141,55,112,49.1,11,34,32.4,20,32,62.5,36,95,131,35,10,26,21,55,253,1.67,0.48
Sam Dekker,47,789,287,120,256,46.9,19,62,30.6,28,46,60.9,53,95,148,46,38,7,24,47,348,1.92,1.58
Scott Machado,4,19,10,4,6,66.7,1,1,100,1,1,100,0,0,0,3,1,0,0,2,12,0,0
Semi Ojeleye,56,594,186,67,158,42.4,28,89,31.5,24,39,61.5,24,62,86,23,10,4,19,43,184,1.21,0.53
Serge Ibaka,74,2010,1112,464,877,52.9,49,169,29,135,177,76.3,156,445,601,99,29,103,114,211,1375,0.87,0.25
Seth Curry,74,1399,581,212,465,45.6,113,251,45,44,52,84.6,27,93,120,66,36,12,61,97,493,1.08,0.59
Shabazz Napier,56,983,529,169,435,38.9,76,228,33.3,115,138,83.3,18,82,100,143,41,16,66,67,474,2.17,0.62
Shai Gilgeous-Alexander,82,2174,889,341,716,47.6,51,139,36.7,156,195,80,57,175,232,270,96,45,141,175,977,1.92,0.68
Shake Milton,20,268,87,34,87,39.1,14,44,31.8,5,7,71.4,9,26,35,18,8,8,6,29,95,3,1.33
Shaquille Harrison,73,1430,474,184,426,43.2,24,89,27,82,123,66.7,33,189,222,139,89,30,60,124,611,2.32,1.48
Shaun Livingston,64,967,258,109,210,51.9,0,2,0,40,51,78.4,42,75,117,114,31,27,38,74,397,3,0.82
Shelvin Mack,57,1247,430,163,403,40.4,46,130,35.4,58,84,69,18,86,104,183,47,4,66,84,436,2.77,0.71
Sindarius Thornwell,64,313,62,17,49,34.7,3,15,20,25,34,73.5,5,39,44,18,14,7,20,41,84,0.9,0.7
Skal Labissiere,22,176,67,26,49,53.1,6,13,46.2,9,17,52.9,9,34,43,11,5,6,11,29,90,1,0.46
Solomon Hill,44,879,191,68,178,38.2,32,101,31.7,23,32,71.9,34,99,133,55,23,10,31,80,262,1.77,0.74
Spencer Dinwiddie,68,1914,1143,366,828,44.2,124,370,33.5,287,356,80.6,26,140,166,311,40,17,152,187,994,2.05,0.26
Stanley Johnson,66,1207,454,171,440,38.9,62,215,28.8,50,64,78.1,34,183,217,88,60,14,81,114,469,1.09,0.74
Stephen Curry,69,2331,1881,632,1340,47.2,354,810,43.7,263,287,91.6,45,324,369,361,92,25,192,166,1804,1.88,0.48
Sterling Brown,58,1034,372,145,312,46.5,53,147,36.1,29,42,69,29,155,184,84,25,8,46,88,447,1.83,0.54
Steven Adams,80,2669,1108,481,809,59.5,0,2,0,146,292,50,391,369,760,124,117,76,135,204,1576,0.92,0.87
Svi Mykhailiuk,42,440,133,46,140,32.9,29,89,32.6,12,20,60,9,27,36,37,14,1,21,25,98,1.76,0.67
T.J. McConnell,76,1470,483,220,419,52.5,14,42,33.3,29,37,78.4,28,146,174,258,79,17,91,105,713,2.84,0.87
T.J. Warren,43,1360,772,297,611,48.6,77,180,42.8,101,124,81.5,31,143,174,64,51,29,52,119,701,1.23,0.98
Tahjere McCall,1,8,4,2,3,66.7,0,1,0,0,1,0,0,1,1,0,0,0,0,2,3,0,0
Taj Gibson,70,1686,753,304,537,56.6,11,34,32.4,134,177,75.7,172,286,458,84,53,39,73,186,1038,1.15,0.73
Taurean Prince,55,1552,742,262,594,44.1,123,315,39,95,116,81.9,22,177,199,118,53,19,100,141,678,1.18,0.53
Terrance Ferguson,74,1931,513,185,431,42.9,106,290,36.6,37,51,72.5,33,108,141,72,40,16,47,231,475,1.53,0.85
Terrence Jones,2,5,2,1,4,25,0,2,0,0,1,0,0,4,4,0,0,0,1,1,1,0,0
Terrence Ross,81,2150,1223,440,1027,42.8,217,566,38.3,126,144,87.5,27,253,280,135,72,29,90,119,1044,1.5,0.8
Terry Rozier,79,1791,708,258,666,38.7,119,337,35.3,73,93,78.5,32,275,307,231,68,21,68,101,839,3.4,1
Thabo Sefolosha,50,609,190,71,149,47.7,34,78,43.6,14,22,63.6,8,115,123,27,43,5,25,41,277,1.08,1.72
Thaddeus Young,81,2489,1024,443,841,52.7,51,146,34.9,87,135,64.4,192,331,523,204,123,36,123,194,1341,1.66,1
Theo Pinson,18,211,81,25,73,34.2,12,46,26.1,19,22,86.4,4,32,36,21,6,0,18,15,75,1.17,0.33
Thomas Bryant,72,1496,758,309,502,61.6,33,99,33.3,107,137,78.1,113,341,454,92,25,67,60,126,1113,1.53,0.42
Thomas Welsh,11,36,18,7,13,53.8,3,7,42.9,1,2,50,0,4,4,5,0,0,1,3,19,5,0
Thon Maker,64,972,323,109,268,40.7,49,153,32,56,84,66.7,41,161,202,45,21,51,33,105,422,1.36,0.64
Tim Frazier,59,1120,310,116,261,44.4,37,101,36.6,41,54,75.9,41,127,168,248,30,5,76,112,527,3.26,0.4
Tim Hardaway Jr.,65,2057,1174,390,993,39.3,162,477,34,232,276,84.1,33,189,222,159,54,8,105,141,865,1.51,0.51
Timothe Luwawu-Cabarrot,50,669,231,82,218,37.6,36,116,31,31,41,75.6,11,86,97,26,19,8,21,73,214,1.24,0.91
TJ Leaf,58,522,225,99,183,54.1,8,31,25.8,19,31,61.3,43,82,125,24,9,19,12,35,294,2,0.75
Tobias Harris,82,2848,1644,611,1254,48.7,156,393,39.7,266,307,86.6,69,576,645,229,51,37,151,184,1771,1.52,0.34
Tomas Satoransky,80,2164,709,257,530,48.5,64,162,39.5,131,160,81.9,82,197,279,399,82,13,120,172,1060,3.33,0.68
Tony Bradley,3,36,17,8,16,50,0,0,0,1,2,50,9,6,15,1,2,2,3,6,25,0.33,0.67
Tony Parker,56,1003,530,213,463,46,13,51,25.5,91,124,73.4,14,69,83,207,21,7,75,53,490,2.76,0.28
Tony Snell,74,1304,444,163,361,45.2,81,204,39.7,37,42,88.1,29,128,157,68,26,18,23,90,487,2.96,1.13
Torrey Craig,75,1503,430,160,362,44.2,61,188,32.4,49,70,70,89,174,263,72,37,46,44,175,581,1.64,0.84
Trae Young,81,2503,1549,525,1256,41.8,156,482,32.4,343,414,82.9,64,237,301,653,72,15,308,140,1480,2.12,0.23
Treveon Graham,35,715,184,64,191,33.5,38,128,29.7,18,22,81.8,23,84,107,34,13,7,17,68,197,2,0.77
Trevon Duval,3,6,5,2,3,66.7,1,1,100,0,0,0,0,1,1,2,0,0,0,0,7,0,0
Trevor Ariza,69,2349,863,294,736,39.9,145,434,33.4,130,164,79.3,50,321,371,252,91,21,106,130,1016,2.38,0.86
Trey Burke,58,1125,631,236,548,43.1,56,159,35.2,103,124,83.1,28,71,99,159,33,7,49,58,547,3.25,0.67
Trey Lyles,64,1120,546,207,495,41.8,51,200,25.5,81,116,69.8,44,202,246,87,30,23,68,93,541,1.28,0.44
Tristan Thompson,43,1198,470,201,380,52.9,0,0,0,68,106,64.2,173,265,438,86,28,16,59,89,762,1.46,0.48
Troy Brown Jr.,52,730,248,97,234,41.5,22,69,31.9,32,47,68.1,35,110,145,80,21,5,30,56,317,2.67,0.7
Troy Caupain,4,16,10,4,8,50,2,3,66.7,0,0,0,1,2,3,4,1,0,0,0,14,0,0
Troy Daniels,51,760,318,113,275,41.1,74,194,38.1,18,23,78.3,13,60,73,26,26,5,27,79,254,0.96,0.96
Troy Williams,21,312,111,44,98,44.9,14,44,31.8,9,15,60,12,47,59,11,10,8,9,37,130,1.22,1.11
Tyler Cavanaugh,11,40,9,3,10,30,1,5,20,2,2,100,3,5,8,1,0,0,1,3,10,1,0
Tyler Davis,1,1,0,0,1,0,0,0,0,0,0,0,1,0,1,0,0,0,0,0,0,0,0
Tyler Dorsey,48,698,296,107,264,40.5,44,132,33.3,38,61,62.3,27,86,113,56,14,2,27,53,274,2.07,0.52
Tyler Johnson,57,1529,619,217,526,41.3,90,260,34.6,95,127,74.8,34,139,173,166,54,27,77,97,621,2.16,0.7
Tyler Lydon,25,94,23,9,18,50,4,10,40,1,3,33.3,7,11,18,6,2,0,4,10,34,1.5,0.5
Tyler Ulis,1,1,0,0,0,0,0,0,0,0,0,0,0,0,0,0,0,0,0,0,0,0,0
Tyler Zeller,6,93,46,16,30,53.3,0,1,0,14,18,77.8,11,13,24,4,1,3,4,20,56,1,0.25
Tyreke Evans,69,1402,706,257,660,38.9,77,216,35.6,115,160,71.9,33,168,201,166,58,18,118,117,583,1.41,0.49
Tyrone Wallace,62,628,218,92,217,42.4,4,19,21.1,30,57,52.6,20,81,101,42,21,7,36,83,201,1.17,0.58
Tyson Chandler,55,875,173,61,99,61.6,0,1,0,51,87,58.6,92,215,307,37,21,23,42,110,445,0.88,0.5
Tyus Jones,68,1560,468,185,446,41.5,40,126,31.7,58,69,84.1,23,111,134,327,81,5,47,78,696,6.96,1.72
Udonis Haslem,10,75,25,11,33,33.3,0,12,0,3,4,75,3,24,27,2,0,0,3,9,28,0.67,0
Victor Oladipo,36,1147,675,249,588,42.3,74,216,34.3,103,141,73,21,181,202,186,60,11,82,72,675,2.27,0.73
Vince Carter,76,1330,562,196,468,41.9,123,316,38.9,47,66,71.2,31,163,194,87,44,27,48,141,575,1.81,0.92
Vincent Edwards,2,16,3,1,4,25,1,4,25,0,0,0,1,1,2,0,0,0,0,0,2,0,0
Wade Baldwin IV,16,94,30,10,33,30.3,2,9,22.2,8,11,72.7,2,13,15,12,1,2,14,11,20,0.86,0.07
Walt Lemon Jr.,6,167,86,38,87,43.7,2,5,40,8,11,72.7,4,23,27,30,11,1,10,14,93,3,1.1
Wayne Ellington,53,1297,545,184,457,40.3,138,372,37.1,39,49,79.6,14,93,107,72,54,6,40,92,461,1.8,1.35
Wayne Selden,75,1439,514,196,483,40.6,55,174,31.6,67,92,72.8,37,143,180,109,33,13,79,131,458,1.38,0.42
Wendell Carter Jr.,44,1110,455,180,371,48.5,6,32,18.8,89,112,79.5,87,220,307,78,26,58,65,152,645,1.2,0.4
Wes Iwundu,68,1233,339,113,274,41.2,29,79,36.7,84,103,81.6,37,147,184,73,28,22,44,123,422,1.66,0.64
Wesley Johnson,38,534,128,45,128,35.2,25,76,32.9,13,19,68.4,12,60,72,23,14,12,18,63,142,1.28,0.78
Wesley Matthews,69,2091,840,279,698,40,150,403,37.2,132,163,81,32,138,170,160,54,17,91,160,700,1.76,0.59
Will Barton,43,1189,494,185,460,40.2,67,196,34.2,57,74,77,32,167,199,124,18,22,65,82,500,1.91,0.28
Willie Cauley-Stein,81,2213,965,412,741,55.6,1,2,50,140,254,55.1,181,497,678,194,96,51,84,227,1457,2.31,1.14
Willy Hernangomez,58,812,421,153,295,51.9,15,39,38.5,100,144,69.4,117,194,311,60,16,20,58,98,584,1.03,0.28
Wilson Chandler,51,1176,305,114,273,41.8,59,158,37.3,18,25,72,48,167,215,82,25,21,46,123,436,1.78,0.54
Yante Maten,2,13,2,1,4,25,0,1,0,0,0,0,1,2,3,0,1,0,0,0,3,0,0
Yogi Ferrell,71,1067,420,153,352,43.5,54,149,36.2,60,67,89.6,13,96,109,137,36,4,40,64,460,3.43,0.9
Yuta Watanabe,15,174,39,15,51,29.4,2,16,12.5,7,10,70,4,27,31,8,4,1,6,11,38,1.33,0.67
Zach Collins,77,1356,512,189,400,47.3,40,121,33.1,94,126,74.6,109,215,324,71,25,66,77,174,678,0.92,0.33
Zach LaVine,63,2171,1492,530,1135,46.7,120,321,37.4,312,375,83.2,40,254,294,283,60,26,215,140,1272,1.32,0.28
Zach Lofton,1,4,0,0,1,0,0,1,0,0,0,0,0,0,0,0,1,0,1,0,-1,0,
Zaza Pachulia,68,878,267,85,193,44,0,4,0,97,124,78.2,99,166,265,91,31,17,57,151,479,1.6,0.54
Zhaire Smith,6,111,40,14,34,41.2,6,16,37.5,6,8,75,3,10,13,10,2,2,6,8,39,1.67,0.33
Zhou Qi,1,1,2,1,1,100,0,0,0,0,0,0,0,0,0,0,0,0,0,0,2,0,0
